<?xml version="1.0" encoding="UTF-8"?>
<!DOCTYPE mapper PUBLIC "-//mybatis.org//DTD Mapper 3.0//EN" "http://mybatis.org/dtd/mybatis-3-mapper.dtd">
<mapper namespace="com.ev.dao.CarMapper">

    <!-- 通用查询映射结果 -->
    <resultMap id="BaseResultMap" type="com.ev.entity.Car">
        <id column="cid" property="cid" />
        <result column="name" property="name" />
        <result column="developers" property="developers" />
        <result column="price" property="price" />
        <result column="type" property="type" />
        <result column="create_time" property="createTime" />
        <result column="update_time" property="updateTime" />
        <result column="deleted" property="deleted" />
    </resultMap>

    <!-- 通用查询结果列 -->
    <sql id="Base_Column_List">
        cid, name, developers, price, type, create_time, update_time, deleted
    </sql>

</mapper>
