<?xml version="1.0" encoding="UTF-8"?>
<!DOCTYPE mapper PUBLIC "-//mybatis.org//DTD Mapper 3.0//EN" "http://mybatis.org/dtd/mybatis-3-mapper.dtd">
<mapper namespace="com.ev.dao.OrderMapper">

    <!-- 通用查询映射结果 -->
    <resultMap id="BaseResultMap" type="com.ev.entity.Order">
        <id column="oid" property="oid" />
        <result column="rid" property="rid" />
        <result column="rid_buyer" property="ridBuyer" />
        <result column="cid" property="cid" />
        <result column="create_time" property="createTime" />
        <result column="update_time" property="updateTime" />
        <result column="ordered_time" property="orderedTime" />
        <result column="deleted" property="deleted" />
    </resultMap>

    <!-- 通用查询结果列 -->
    <sql id="Base_Column_List">
        oid, rid, rid_buyer, cid, create_time, update_time, ordered_time, deleted
    </sql>

</mapper>
