<?xml version="1.0" encoding="UTF-8"?>
<!DOCTYPE mapper PUBLIC "-//mybatis.org//DTD Mapper 3.0//EN" "http://mybatis.org/dtd/mybatis-3-mapper.dtd">
<mapper namespace="com.ev.dao.UserMapper">

    <!-- 通用查询映射结果 -->
    <resultMap id="BaseResultMap" type="com.ev.entity.User">
        <id column="uid" property="uid" />
        <result column="name" property="name" />
        <result column="true_name" property="trueName" />
        <result column="sex" property="sex" />
        <result column="phone" property="phone" />
        <result column="password" property="password" />
        <result column="id" property="id" />
        <result column="create_time" property="createTime" />
        <result column="update_time" property="updateTime" />
        <result column="deleted" property="deleted" />
    </resultMap>

    <!-- 通用查询结果列 -->
    <sql id="Base_Column_List">
        uid, name, true_name, sex, phone, password, id, create_time, update_time, deleted
    </sql>

</mapper>
